#,Dependency,Gates the rest,Why,Basis
1,"One named counterpart who approves, and one named lead on the digital team who receives the brief",Yes,Decisions in one place,Sourced
2,"Read-only analytics access on every channel: Analyst role, no publishing rights",Yes,Without it there is nothing to analyse and the engagement cannot start,Sourced
3,Appointment of the data-protection reviewer (Section 5.7.9),Yes,The long-lead item; gates the voter-file work and the offline layer,Sourced
4,About three hours a week of candidate time,No,"One Facebook Live, one voice-note session, one interview or content block",Sourced
5,Daily photo and video uploads from the ground team,No,The raw material of Pillar 4,Sourced
6,"The IEBC 2026 register, county total then ward",No,"The highest-priority data request: it re-bases every ward figure in Section 3. The county total, 605,703, is Tier 3 and unconfirmed until IEBC's own July figure is in hand",Sourced
7,"Access to the NG-CDF project record, not the beneficiary list",No,Verified proof points; beneficiary data is off-limits,Sourced
8,Sign-off on the engagement level,No,So the team can be assembled,Sourced
9,"Wiper's 2027 nomination rules and timetable, or the NEC resolution, as soon as the party issues them",No,The document that confirms or overturns the Phase −1 plan (Section 2.3.2),Sourced
