Content,Drafted by,Approved by,Published by,Turnaround,Basis
Routine post in an approved brief,Your team,Your team lead,Your team,Same day,Sourced
New policy claim or figure,Your team,Firefly + campaign counterpart,Your team,24 hours,Sourced
Kikamba voice note,Your team + Kikamba reviewer,Firefly,Your team,48 hours,Sourced
"Attack, Level 1",Your team,Your team lead,Your team,≤4 hours,Sourced
"Attack, Level 2",Firefly,Communications Director,Your team,≤2 hours,Sourced
"Attack, Level 3",Firefly,Candidate + senior leadership,Your team,≤30 minutes,Sourced
SMS / USSD / WhatsApp broadcast,Firefly,Campaign counterpart,Firefly,24 hours,Sourced
Any voter-file-based targeting,—,Compliance gate (Section 5.7.9),—,"Before launch, no exceptions",Sourced
Paid targeting plan and reallocation within the agreed weighting,Firefly proposes,Campaign counterpart,Your team executes,24 hours,Sourced
